Workbook
Name Nums: Data!$A$2:$A$11
Name Rate: 0.05

Sheet Legacy
A1: operators: 1+2*3 | B1: =1+2*3 -> 7
A2: operators: -2^2 | B2: =-2^2 -> 4
A3: operators: 2^-1 | B3: =2^-1 -> 0.5
A4: operators: 10% | B4: =10% -> 0.1
A5: operators: (1+2)% | B5: =(1+2)% -> 0.03
A6: operators: "3"*"4" | B6: ="3"*"4" -> 12
A7: operators: 1+"2" | B7: =1+"2" -> 3
A8: operators: "a"&1&TRUE | B8: ="a"&1&TRUE -> a1TRUE
A9: operators: TRUE+1 | B9: =TRUE+1 -> 2
A10: operators: "10%"*2 | B10: ="10%"*2 -> 0.2
A11: operators: 1=1.0 | B11: =1=1 -> TRUE
A12: operators: "A"="a" | B12: ="A"="a" -> TRUE
A13: operators: 1<"a" | B13: =1<"a" -> TRUE
A14: operators: TRUE>1 | B14: =TRUE>1 -> TRUE
A15: operators: "b">"A" | B15: ="b">"A" -> TRUE
A16: operators: Data!C5="" | B16: =Data!C5="" -> TRUE
A17: operators: Data!C5=0 | B17: =Data!C5=0 -> TRUE
A18: operators: Data!C5+1 | B18: =Data!C5+1 -> 1
A19: operators: "1/15/2024"+0 | B19: ="1/15/2024"+0 -> 45306
A20: operators: "2024-01-15"+1 | B20: ="2024-01-15"+1 -> 45307
A21: operators: 0.1+0.2=0.3 | B21: =0.1+0.2=0.3 -> TRUE
A22: operators: 9E+307*10 | B22: =9E+307*10 -> #NUM!
A23: operators: 1/0 | B23: =1/0 -> #DIV/0!
A24: operators: Data!C2+Data!C3 | B24: =Data!C2+Data!C3 -> 3
A25: operators: Data!C2+Data!C7 | B25: =Data!C2+Data!C7 -> #VALUE!
A26: operators: "x"+1 | B26: ="x"+1 -> #VALUE!
A27: operators: 2^0.5 | B27: =2^0.5 -> 1.4142136
A28: operators: Data!A2:A3*2 | B28: =Data!A2:A3*2 -> #VALUE!
A29: math: SUM(Data!A2:A11) | B29: =SUM(Data!A2:A11) -> 55
A30: math: SUM(Data!C2:C11) | B30: =SUM(Data!C2:C11) -> 7.5
A31: math: SUM("2",3,TRUE) | B31: =SUM("2",3,TRUE) -> 6
A32: math: SUM(Data!A2:A11,100) | B32: =SUM(Data!A2:A11,100) -> 155
A33: math: SUM(Data!A:A) | B33: =SUM(Data!A:A) -> 55
A34: math: SUM(Nums) | B34: =SUM(Nums) -> 55
A35: math: SUM(Data!A2:B11) | B35: =SUM(Data!A2:B11) -> 55
A36: math: ROUND(2.345,2) | B36: =ROUND(2.345,2) -> 2.35
A37: math: ROUND(-2.5,0) | B37: =ROUND(-2.5,0) -> -3
A38: math: ROUND(1234.5,-2) | B38: =ROUND(1234.5,-2) -> 1200
A39: math: ROUNDUP(2.341,2) | B39: =ROUNDUP(2.341,2) -> 2.35
A40: math: ROUNDDOWN(-2.349,2) | B40: =ROUNDDOWN(-2.349,2) -> -2.34
A41: math: MROUND(17,5) | B41: =MROUND(17,5) -> 15
A42: math: CEILING(4.2,1) | B42: =CEILING(4.2,1) -> 5
A43: math: FLOOR(4.8,1) | B43: =FLOOR(4.8,1) -> 4
A44: math: CEILING.MATH(-4.2) | B44: =_xlfn.CEILING.MATH(-4.2) -> -4
A45: math: FLOOR.MATH(-4.2) | B45: =_xlfn.FLOOR.MATH(-4.2) -> -5
A46: math: INT(-2.5) | B46: =INT(-2.5) -> -3
A47: math: TRUNC(-2.5) | B47: =TRUNC(-2.5) -> -2
A48: math: MOD(-7,3) | B48: =MOD(-7,3) -> 2
A49: math: MOD(7,-3) | B49: =MOD(7,-3) -> -2
A50: math: MOD(5,0) | B50: =MOD(5,0) -> #DIV/0!
A51: math: ABS(-3) | B51: =ABS(-3) -> 3
A52: math: SQRT(16) | B52: =SQRT(16) -> 4
A53: math: SQRT(-1) | B53: =SQRT(-1) -> #NUM!
A54: math: POWER(2,10) | B54: =POWER(2,10) -> 1024
A55: math: EXP(1) | B55: =EXP(1) -> 2.7182818
A56: math: LN(10) | B56: =LN(10) -> 2.3025851
A57: math: LOG(100) | B57: =LOG(100) -> 2
A58: math: LOG(8,2) | B58: =LOG(8,2) -> 3
A59: math: LOG10(1000) | B59: =LOG10(1000) -> 3
A60: math: PI() | B60: =PI() -> 3.1415927
A61: math: SIGN(-4) | B61: =SIGN(-4) -> -1
A62: math: PRODUCT(Data!A2:A5) | B62: =PRODUCT(Data!A2:A5) -> 120
A63: math: SUMPRODUCT(Data!G2:G11,Data!H2:H11) | B63: =SUMPRODUCT(Data!G2:G11,Data!H2:H11) -> 168.7
A64: math: SUMPRODUCT((Data!E2:E11="a")*Data!A2:A11) | B64: =SUMPRODUCT((Data!E2:E11="a")*Data!A2:A11) -> 19
A65: math: SUMSQ(1,2,3) | B65: =SUMSQ(1,2,3) -> 14
A66: math: QUOTIENT(-7,2) | B66: =QUOTIENT(-7,2) -> -3
A67: math: GCD(12,18) | B67: =GCD(12,18) -> 6
A68: math: LCM(4,6) | B68: =LCM(4,6) -> 12
A69: math: FACT(5) | B69: =FACT(5) -> 120
A70: math: COMBIN(5,2) | B70: =COMBIN(5,2) -> 10
A71: math: PERMUT(5,2) | B71: =PERMUT(5,2) -> 20
A72: math: EVEN(3) | B72: =EVEN(3) -> 4
A73: math: ODD(-2) | B73: =ODD(-2) -> -3
A74: math: ROMAN(1999) | B74: =ROMAN(1999) -> MCMXCIX
A75: math: ARABIC("MCMXCIX") | B75: =_xlfn.ARABIC("MCMXCIX") -> 1999
A76: math: BASE(255,16) | B76: =_xlfn.BASE(255,16) -> FF
A77: math: DECIMAL("FF",16) | B77: =_xlfn.DECIMAL("FF",16) -> 255
A78: math: SUMIF(Data!A2:A11,">5") | B78: =SUMIF(Data!A2:A11,">5") -> 40
A79: math: SUMIF(Data!E2:E11,"a",Data!A2:A11) | B79: =SUMIF(Data!E2:E11,"a",Data!A2:A11) -> 19
A80: math: SUMIF(Data!B2:B11,"*e*",Data!A2:A11) | B80: =SUMIF(Data!B2:B11,"*e*",Data!A2:A11) -> 44
A81: math: SUMIF(Data!C2:C11,"<>2") | B81: =SUMIF(Data!C2:C11,"<>2") -> 7.5
A82: math: SUMIFS(Data!A2:A11,Data!E2:E11,"b",Data!A2:A11,">=6") | B82: =SUMIFS(Data!A2:A11,Data!E2:E11,"b",Data!A2:A11,">=6") -> 15
A83: math: COUNTIF(Data!C2:C11,"") | B83: =COUNTIF(Data!C2:C11,"") -> 1
A84: math: COUNTIF(Data!C2:C11,"=") | B84: =COUNTIF(Data!C2:C11,"=") -> 1
A85: math: COUNTIF(Data!C2:C11,"<>") | B85: =COUNTIF(Data!C2:C11,"<>") -> 9
A86: math: COUNTIF(Data!B2:B11,"?ig") | B86: =COUNTIF(Data!B2:B11,"?ig") -> 1
A87: math: COUNTIF(Data!A2:A11,5) | B87: =COUNTIF(Data!A2:A11,5) -> 1
A88: math: COUNTIF(Data!C2:C11,"2") | B88: =COUNTIF(Data!C2:C11,"2") -> 1
A89: math: COUNTIFS(Data!E2:E11,"a",Data!A2:A11,"<5") | B89: =COUNTIFS(Data!E2:E11,"a",Data!A2:A11,"<5") -> 2
A90: math: AVERAGEIF(Data!E2:E11,"c",Data!A2:A11) | B90: =AVERAGEIF(Data!E2:E11,"c",Data!A2:A11) -> 6
A91: math: AVERAGEIFS(Data!A2:A11,Data!E2:E11,"a") | B91: =AVERAGEIFS(Data!A2:A11,Data!E2:E11,"a") -> 4.75
A92: math: MAXIFS(Data!A2:A11,Data!E2:E11,"b") | B92: =_xlfn.MAXIFS(Data!A2:A11,Data!E2:E11,"b") -> 9
A93: math: MINIFS(Data!A2:A11,Data!E2:E11,"b") | B93: =_xlfn.MINIFS(Data!A2:A11,Data!E2:E11,"b") -> 3
A94: math: SUBTOTAL(9,Data!A2:A11) | B94: =SUBTOTAL(9,Data!A2:A11) -> 55
A95: math: SUBTOTAL(1,Data!A2:A11) | B95: =SUBTOTAL(1,Data!A2:A11) -> 5.5
A96: math: AGGREGATE(9,6,Data!A2:A11) | B96: =_xlfn.AGGREGATE(9,6,Data!A2:A11) -> 55
A97: statistics: AVERAGE(Data!A2:A11) | B97: =AVERAGE(Data!A2:A11) -> 5.5
A98: statistics: AVERAGE(Data!C2:C11) | B98: =AVERAGE(Data!C2:C11) -> 1.5
A99: statistics: AVERAGEA(Data!C2:C11) | B99: =AVERAGEA(Data!C2:C11) -> 0.94444444
A100: statistics: AVERAGE(1,"2",TRUE) | B100: =AVERAGE(1,"2",TRUE) -> 1.3333333
...

Sheet Dynamic
A1: operators: 1+2*3 | B1: =1+2*3 -> 7
A13: operators: -2^2 | B13: =-2^2 -> 4
A25: operators: 2^-1 | B25: =2^-1 -> 0.5
A37: operators: 10% | B37: =10% -> 0.1
A49: operators: (1+2)% | B49: =(1+2)% -> 0.03
A61: operators: "3"*"4" | B61: ="3"*"4" -> 12
A73: operators: 1+"2" | B73: =1+"2" -> 3
A85: operators: "a"&1&TRUE | B85: ="a"&1&TRUE -> a1TRUE
A97: operators: TRUE+1 | B97: =TRUE+1 -> 2
A109: operators: "10%"*2 | B109: ="10%"*2 -> 0.2
A121: operators: 1=1.0 | B121: =1=1 -> TRUE
A133: operators: "A"="a" | B133: ="A"="a" -> TRUE
A145: operators: 1<"a" | B145: =1<"a" -> TRUE
A157: operators: TRUE>1 | B157: =TRUE>1 -> TRUE
A169: operators: "b">"A" | B169: ="b">"A" -> TRUE
A181: operators: Data!C5="" | B181: =Data!C5="" -> TRUE
A193: operators: Data!C5=0 | B193: =Data!C5=0 -> TRUE
A205: operators: Data!C5+1 | B205: =Data!C5+1 -> 1
A217: operators: "1/15/2024"+0 | B217: ="1/15/2024"+0 -> 45306
A229: operators: "2024-01-15"+1 | B229: ="2024-01-15"+1 -> 45307
A241: operators: 0.1+0.2=0.3 | B241: =0.1+0.2=0.3 -> TRUE
A253: operators: 9E+307*10 | B253: =9E+307*10 -> #NUM!
A265: operators: 1/0 | B265: =1/0 -> #DIV/0!
A277: operators: Data!C2+Data!C3 | B277: =Data!C2+Data!C3 -> 3
A289: operators: Data!C2+Data!C7 | B289: =Data!C2+Data!C7 -> #VALUE!
A301: operators: "x"+1 | B301: ="x"+1 -> #VALUE!
A313: operators: 2^0.5 | B313: =2^0.5 -> 1.4142136
A325: operators: Data!A2:A3*2 | B325: {=Data!A2:A3*2} -> 10
B326: 6
A337: math: SUM(Data!A2:A11) | B337: =SUM(Data!A2:A11) -> 55
A349: math: SUM(Data!C2:C11) | B349: =SUM(Data!C2:C11) -> 7.5
A361: math: SUM("2",3,TRUE) | B361: =SUM("2",3,TRUE) -> 6
A373: math: SUM(Data!A2:A11,100) | B373: =SUM(Data!A2:A11,100) -> 155
A385: math: SUM(Data!A:A) | B385: =SUM(Data!A:A) -> 55
A397: math: SUM(Nums) | B397: =SUM(Nums) -> 55
A409: math: SUM(Data!A2:B11) | B409: =SUM(Data!A2:B11) -> 55
A421: math: ROUND(2.345,2) | B421: =ROUND(2.345,2) -> 2.35
A433: math: ROUND(-2.5,0) | B433: =ROUND(-2.5,0) -> -3
A445: math: ROUND(1234.5,-2) | B445: =ROUND(1234.5,-2) -> 1200
A457: math: ROUNDUP(2.341,2) | B457: =ROUNDUP(2.341,2) -> 2.35
A469: math: ROUNDDOWN(-2.349,2) | B469: =ROUNDDOWN(-2.349,2) -> -2.34
A481: math: MROUND(17,5) | B481: =MROUND(17,5) -> 15
A493: math: CEILING(4.2,1) | B493: =CEILING(4.2,1) -> 5
A505: math: FLOOR(4.8,1) | B505: =FLOOR(4.8,1) -> 4
A517: math: CEILING.MATH(-4.2) | B517: =_xlfn.CEILING.MATH(-4.2) -> -4
A529: math: FLOOR.MATH(-4.2) | B529: =_xlfn.FLOOR.MATH(-4.2) -> -5
A541: math: INT(-2.5) | B541: =INT(-2.5) -> -3
A553: math: TRUNC(-2.5) | B553: =TRUNC(-2.5) -> -2
A565: math: MOD(-7,3) | B565: =MOD(-7,3) -> 2
A577: math: MOD(7,-3) | B577: =MOD(7,-3) -> -2
A589: math: MOD(5,0) | B589: =MOD(5,0) -> #DIV/0!
A601: math: ABS(-3) | B601: =ABS(-3) -> 3
A613: math: SQRT(16) | B613: =SQRT(16) -> 4
A625: math: SQRT(-1) | B625: =SQRT(-1) -> #NUM!
A637: math: POWER(2,10) | B637: =POWER(2,10) -> 1024
A649: math: EXP(1) | B649: =EXP(1) -> 2.7182818
A661: math: LN(10) | B661: =LN(10) -> 2.3025851
A673: math: LOG(100) | B673: =LOG(100) -> 2
A685: math: LOG(8,2) | B685: =LOG(8,2) -> 3
A697: math: LOG10(1000) | B697: =LOG10(1000) -> 3
A709: math: PI() | B709: =PI() -> 3.1415927
A721: math: SIGN(-4) | B721: =SIGN(-4) -> -1
A733: math: PRODUCT(Data!A2:A5) | B733: =PRODUCT(Data!A2:A5) -> 120
A745: math: SUMPRODUCT(Data!G2:G11,Data!H2:H11) | B745: =SUMPRODUCT(Data!G2:G11,Data!H2:H11) -> 168.7
A757: math: SUMPRODUCT((Data!E2:E11="a")*Data!A2:A11) | B757: =SUMPRODUCT((Data!E2:E11="a")*Data!A2:A11) -> 19
A769: math: SUMSQ(1,2,3) | B769: =SUMSQ(1,2,3) -> 14
A781: math: QUOTIENT(-7,2) | B781: =QUOTIENT(-7,2) -> -3
A793: math: GCD(12,18) | B793: =GCD(12,18) -> 6
A805: math: LCM(4,6) | B805: =LCM(4,6) -> 12
A817: math: FACT(5) | B817: =FACT(5) -> 120
A829: math: COMBIN(5,2) | B829: =COMBIN(5,2) -> 10
A841: math: PERMUT(5,2) | B841: =PERMUT(5,2) -> 20
A853: math: EVEN(3) | B853: =EVEN(3) -> 4
A865: math: ODD(-2) | B865: =ODD(-2) -> -3
A877: math: ROMAN(1999) | B877: =ROMAN(1999) -> MCMXCIX
A889: math: ARABIC("MCMXCIX") | B889: =_xlfn.ARABIC("MCMXCIX") -> 1999
A901: math: BASE(255,16) | B901: =_xlfn.BASE(255,16) -> FF
A913: math: DECIMAL("FF",16) | B913: =_xlfn.DECIMAL("FF",16) -> 255
A925: math: SUMIF(Data!A2:A11,">5") | B925: =SUMIF(Data!A2:A11,">5") -> 40
A937: math: SUMIF(Data!E2:E11,"a",Data!A2:A11) | B937: =SUMIF(Data!E2:E11,"a",Data!A2:A11) -> 19
A949: math: SUMIF(Data!B2:B11,"*e*",Data!A2:A11) | B949: =SUMIF(Data!B2:B11,"*e*",Data!A2:A11) -> 44
A961: math: SUMIF(Data!C2:C11,"<>2") | B961: =SUMIF(Data!C2:C11,"<>2") -> 7.5
A973: math: SUMIFS(Data!A2:A11,Data!E2:E11,"b",Data!A2:A11,">=6") | B973: =SUMIFS(Data!A2:A11,Data!E2:E11,"b",Data!A2:A11,">=6") -> 15
A985: math: COUNTIF(Data!C2:C11,"") | B985: =COUNTIF(Data!C2:C11,"") -> 1
A997: math: COUNTIF(Data!C2:C11,"=") | B997: =COUNTIF(Data!C2:C11,"=") -> 1
A1009: math: COUNTIF(Data!C2:C11,"<>") | B1009: =COUNTIF(Data!C2:C11,"<>") -> 9
A1021: math: COUNTIF(Data!B2:B11,"?ig") | B1021: =COUNTIF(Data!B2:B11,"?ig") -> 1
A1033: math: COUNTIF(Data!A2:A11,5) | B1033: =COUNTIF(Data!A2:A11,5) -> 1
A1045: math: COUNTIF(Data!C2:C11,"2") | B1045: =COUNTIF(Data!C2:C11,"2") -> 1
A1057: math: COUNTIFS(Data!E2:E11,"a",Data!A2:A11,"<5") | B1057: =COUNTIFS(Data!E2:E11,"a",Data!A2:A11,"<5") -> 2
A1069: math: AVERAGEIF(Data!E2:E11,"c",Data!A2:A11) | B1069: =AVERAGEIF(Data!E2:E11,"c",Data!A2:A11) -> 6
A1081: math: AVERAGEIFS(Data!A2:A11,Data!E2:E11,"a") | B1081: =AVERAGEIFS(Data!A2:A11,Data!E2:E11,"a") -> 4.75
A1093: math: MAXIFS(Data!A2:A11,Data!E2:E11,"b") | B1093: =_xlfn.MAXIFS(Data!A2:A11,Data!E2:E11,"b") -> 9
A1105: math: MINIFS(Data!A2:A11,Data!E2:E11,"b") | B1105: =_xlfn.MINIFS(Data!A2:A11,Data!E2:E11,"b") -> 3
A1117: math: SUBTOTAL(9,Data!A2:A11) | B1117: =SUBTOTAL(9,Data!A2:A11) -> 55
A1129: math: SUBTOTAL(1,Data!A2:A11) | B1129: =SUBTOTAL(1,Data!A2:A11) -> 5.5
A1141: math: AGGREGATE(9,6,Data!A2:A11) | B1141: =_xlfn.AGGREGATE(9,6,Data!A2:A11) -> 55
A1153: statistics: AVERAGE(Data!A2:A11) | B1153: =AVERAGE(Data!A2:A11) -> 5.5
A1165: statistics: AVERAGE(Data!C2:C11) | B1165: =AVERAGE(Data!C2:C11) -> 1.5
A1177: statistics: AVERAGEA(Data!C2:C11) | B1177: =AVERAGEA(Data!C2:C11) -> 0.94444444
...

Sheet Data
A1: Num | B1: Name | C1: Mixed | D1: Date | E1: Cat | F1: Sorted | G1: Price | H1: Qty
A2: 5 | B2: apple | C2: 1 | D2: 45292 | E2: a | F2: 10 | G2: 1.25 | H2: 3
A3: 3 | B3: Banana | C3: 2 | D3: 45329 | E3: b | F3: 20 | G3: 0.5 | H3: 12
A4: 8 | B4: cherry | C4: TRUE | D4: 45366 | E4: a | F4: 30 | G4: 4.75 | H4: 1
A5: 1 | B5: date | D5: 45403 | E5: c | F5: 40 | G5: 2 | H5: 7
A6: 9 | B6: Elder | C6: 5 | D6: 45440 | E6: b | F6: 50 | G6: 10.5 | H6: 2
A7: 2 | B7: fig | C7: x | D7: 45477 | E7: a | F7: 60 | G7: 3.3 | H7: 5
A8: 7 | B8: grape | C8: 3.5 | D8: 45514 | E8: c | F8: 70 | G8: 0.99 | H8: 20
A9: 4 | B9: honeydew | C9: FALSE | D9: 45551 | E9: a | F9: 80 | G9: 6.25 | H9: 4
A10: 6 | B10: kiwi | C10: -2 | D10: 45588 | E10: b | F10: 90 | G10: 1.1 | H10: 9
A11: 10 | B11: lemon | C11: 0 | D11: 45625 | E11: c | F11: 100 | G11: 8 | H11: 6

Sheet Other
A1: 100 | B1: far | D1: =TEXT(1234.5,"#,##0.00") -> 1,234.50
A2: 200 | B2: 3
